name,age,email,genre,hours,console
Chloe,36,chloe.5632@epicmail.gg,RPG,7-10,PlayStation 5
Autumn,41,autumn_6593@gmail.com,Adventure,4-6,Nintendo Wii
Niamh,25,niamh6032@gmail.com,MMO,10+,Xbox series X
Avery,29,avery6630@consoleverse.io,Strategy,7-10,Xbox series X
Jude,23,jude.851@fragmail.org,Simulation,4-6,PC
Ezra,38,ezra_2016@consoleverse.io,Racing,10+,PC
Adeline,45,adeline.1979@Outlook.com,Strategy,7-10,PC
Glen,45,glen_9610@fragmail.org,RPG,4-6,Nintendo Switch
Max,37,max3221@gamerhub.com,RPG,4-6,Xbox series X
Joseph,19,joseph9988@playzone.net,Racing,4-6,PlayStation 5
Rose,29,rose_2134@steam.com,Puzzle,4-6,Nintendo Switch
Jasper,18,jasper_288@consoleverse.io,Racing,0-3,Mobile
Chloe,41,chloe1530@Outlook.com,Simulation,7-10,PlayStation 5
Lucas,22,lucas4602@steam.com,Racing,7-10,PlayStation 5
Samantha,33,samantha_7942@gmail.com,Strategy,7-10,PC
Reese,22,reese_4045@Battlenet.com,Horror,4-6,PlayStation 5
Bella,44,bella.9997@fragmail.org,Horror,4-6,Nintendo Wii
Joshua,25,joshua3351@Battlenet.com,Arcade/PlatformShooter,7-10,Mobile
Phoebe,13,phoebe3134@yahoo.com,Sports,7-10,Xbox series X
Jade,21,jade596@epicmail.gg,Horror,4-6,Mobile
Allison,17,allison_2281@steam.com,Puzzle,7-10,Xbox series X
Taylor,33,taylor4580@steam.com,Strategy,10+,Nintendo Switch
Kyle,31,kyle5853@Battlenet.com,Strategy,10+,PlayStation 5
Sarah,32,sarah.3512@Battlenet.com,Adventure,4-6,PlayStation 5
Samantha,19,samantha1982@Battlenet.com,Sports,7-10,PC
Luca,18,luca_1282@gmail.com,Racing,10+,Nintendo Wii
Arlo,40,arlo_8196@epicmail.gg,Adventure,10+,Nintendo Wii
Sophia,37,sophia.9101@epicmail.gg,Puzzle,10+,PlayStation 5
Kylie,21,kylie7711@gamerhub.com,Horror,7-10,PlayStation 5
Matilda,38,matilda.8989@Battlenet.com,Simulation,10+,Nintendo Wii
Kylie,34,kylie2706@steam.com,Puzzle,10+,Mobile
Stella,13,stella1963@epicmail.gg,Puzzle,0-3,Xbox series X
Gabriella,24,gabriella.7965@playzone.net,Horror,4-6,PC
Blaze,26,blaze.2351@gamerhub.com,Racing,0-3,PC
Scarlett,19,scarlett.8718@steam.com,Strategy,4-6,Mobile
Phoebe,17,phoebe.8206@fragmail.org,Simulation,4-6,Nintendo Switch
Aaliyah,28,aaliyah.2330@fragmail.org,Sports,4-6,PC
Elliott,34,elliott_2475@epicmail.gg,Horror,10+,Xbox series X
Nancy,22,nancy.2480@Outlook.com,Horror,0-3,Xbox series X
Morgan,32,morgan.779@Outlook.com,Adventure,4-6,PC
Claire,19,claire.1596@epicmail.gg,Strategy,10+,PlayStation 5
Elsie,35,elsie_3173@fragmail.org,Adventure,4-6,Mobile
Finn,19,finn.6835@playzone.net,Simulation,7-10,Mobile
Lillian,18,lillian.7678@steam.com,Puzzle,4-6,Mobile
Silas,42,silas_7724@gamerhub.com,Strategy,10+,PlayStation 5
Drew,26,drew_2150@fragmail.org,RPG,7-10,Nintendo Switch
Phoebe,44,phoebe.7345@playzone.net,Puzzle,7-10,PlayStation 5
Gabriel,43,gabriel_7585@steam.com,Puzzle,0-3,Nintendo Switch
Finley,17,finley.9308@fragmail.org,Sports,4-6,Nintendo Wii
Neil,38,neil.6403@consoleverse.io,Sports,4-6,PC
Wayne,36,wayne8116@Battlenet.com,Simulation,7-10,Xbox series X
Camila,33,camila4122@consoleverse.io,Strategy,4-6,Nintendo Switch
Travis,27,travis1051@playzone.net,MMO,4-6,Mobile
Dean,43,dean.3984@gmail.com,MMO,0-3,Nintendo Wii
Avery,17,avery5961@steam.com,Puzzle,7-10,Xbox series X
Finley,28,finley_4453@playzone.net,Adventure,4-6,Nintendo Switch
Amber,14,amber1031@yahoo.com,MMO,10+,PlayStation 5
Charlie,28,charlie_1057@gmail.com,Sports,7-10,Xbox series X
Erin,22,erin_8381@playzone.net,Adventure,4-6,PC
Kai,45,kai442@epicmail.gg,Sports,10+,PlayStation 5
Toby,20,toby_4869@steam.com,MMO,10+,PlayStation 5
Casey,22,casey.3509@gamerhub.com,Sports,4-6,PC
Tessa,41,tessa.4365@playzone.net,RPG,4-6,PlayStation 5
Freddie,28,freddie_2217@fragmail.org,Adventure,10+,PlayStation 5
Jasper,22,jasper.5082@playzone.net,MMO,7-10,PC
Isaac,18,isaac7420@playzone.net,MMO,10+,PC
Jesse,15,jesse_2877@playzone.net,Simulation,10+,Nintendo Switch
Avery,29,avery_1542@steam.com,Adventure,0-3,Mobile
Jamie,14,jamie_6695@fragmail.org,Racing,0-3,Nintendo Wii
Finley,29,finley.9265@gamerhub.com,Strategy,10+,Xbox series X
Eleanor,43,eleanor_7814@fragmail.org,RPG,10+,Xbox series X
Bella,37,bella9787@Battlenet.com,Simulation,10+,Nintendo Switch
Stella,29,stella.2627@playzone.net,Horror,0-3,Nintendo Switch
Willow,22,willow1139@epicmail.gg,Adventure,10+,Xbox series X
Isabella,33,isabella.4532@consoleverse.io,Adventure,10+,PlayStation 5
Reagan,29,reagan_8253@fragmail.org,Simulation,10+,PlayStation 5
Bethany,13,bethany.4498@playzone.net,Simulation,10+,Nintendo Switch
Phoebe,23,phoebe.4245@gmail.com,Horror,4-6,PlayStation 5
Emma,14,emma_963@steam.com,Horror,0-3,Mobile
Sarah,19,sarah7548@yahoo.com,Simulation,7-10,Xbox series X
Zane,23,zane_4675@fragmail.org,Puzzle,4-6,Nintendo Wii
Reuben,19,reuben_3528@steam.com,Racing,0-3,PC
Ethan,45,ethan7555@steam.com,Puzzle,7-10,PlayStation 5
Amber,23,amber6424@gamerhub.com,MMO,4-6,Nintendo Switch
Millie,26,millie.8087@playzone.net,Adventure,10+,Mobile
Faith,22,faith_8851@epicmail.gg,RPG,4-6,Nintendo Wii
Reuben,32,reuben9880@steam.com,Sports,4-6,Mobile
Sean,43,sean.3179@Outlook.com,MMO,10+,Xbox series X
Brooklyn,45,brooklyn_6459@fragmail.org,Adventure,7-10,Nintendo Switch
Samantha,15,samantha9990@gmail.com,Strategy,7-10,PC
Troy,25,troy.5384@epicmail.gg,Horror,10+,Mobile
Clara,25,clara_4423@steam.com,Simulation,7-10,Mobile
Evan,32,evan510@Battlenet.com,Horror,10+,Xbox series X
Ivy,33,ivy.7021@consoleverse.io,MMO,10+,PlayStation 5
Harriet,17,harriet.6903@steam.com,Racing,10+,Nintendo Switch
Troy,42,troy5538@epicmail.gg,Puzzle,4-6,Nintendo Wii
Louis,25,louis7954@yahoo.com,MMO,0-3,PC
Clark,31,clark_3874@playzone.net,MMO,0-3,PC
Nathan,33,nathan.2504@gamerhub.com,Sports,7-10,PlayStation 5
Abigail,40,abigail_2678@steam.com,RPG,10+,Mobile
Emma,37,emma2476@Battlenet.com,Racing,0-3,PC
Samuel,27,samuel_6217@Battlenet.com,Adventure,7-10,Xbox series X
Louis,43,louis4358@Outlook.com,Horror,0-3,Mobile
Jason,30,jason_9627@Battlenet.com,Adventure,4-6,PlayStation 5
Blaze,29,blaze.9373@gmail.com,Adventure,7-10,Nintendo Switch
Connor,13,connor8016@gmail.com,Adventure,7-10,Xbox series X
Lucas,16,lucas8088@Outlook.com,Simulation,7-10,Xbox series X
Clark,22,clark3239@Outlook.com,Horror,7-10,PlayStation 5
Christopher,26,christopher550@gamerhub.com,Strategy,10+,PC
Owen,18,owen.7490@gmail.com,Simulation,0-3,Xbox series X
Lottie,43,lottie_590@fragmail.org,Horror,10+,Xbox series X
Jesse,38,jesse1783@yahoo.com,Strategy,10+,PlayStation 5
Harper,42,harper_3056@fragmail.org,RPG,7-10,Xbox series X
Anthony,26,anthony.7589@Outlook.com,Sports,10+,Nintendo Wii
Matilda,24,matilda.5353@Outlook.com,Sports,7-10,PlayStation 5
Sebastian,41,sebastian9198@steam.com,Strategy,7-10,Xbox series X
Samantha,26,samantha8668@fragmail.org,Horror,10+,PC
Nathan,37,nathan_2615@gmail.com,Horror,0-3,Mobile
Ruby,18,ruby3661@Outlook.com,Sports,10+,Mobile
Finn,21,finn5870@fragmail.org,Puzzle,0-3,PC
Nicholas,17,nicholas.7644@steam.com,Puzzle,4-6,PC
Audrey,43,audrey.696@playzone.net,Adventure,7-10,Xbox series X
Autumn,20,autumn.5308@Battlenet.com,Puzzle,0-3,PlayStation 5
Ryan,32,ryan.2945@gmail.com,MMO,0-3,PlayStation 5
Reagan,13,reagan.8919@playzone.net,Adventure,10+,PC
Teddy,13,teddy_1904@playzone.net,Puzzle,4-6,Mobile
Lauren,29,lauren.5485@steam.com,Racing,0-3,Mobile
Brianna,29,brianna.7985@consoleverse.io,Racing,10+,Nintendo Switch
Freya,40,freya.1490@consoleverse.io,Racing,10+,Nintendo Wii
Victoria,23,victoria9044@gmail.com,RPG,10+,PC
Samantha,15,samantha_7067@fragmail.org,Racing,0-3,Nintendo Switch
Claire,33,claire2459@fragmail.org,Strategy,10+,Nintendo Wii
Ayla,42,ayla6628@gamerhub.com,Simulation,10+,PlayStation 5
Gabriella,17,gabriella.103@epicmail.gg,RPG,10+,Nintendo Wii
Lauren,21,lauren.8632@epicmail.gg,Puzzle,4-6,Nintendo Switch
Morgan,29,morgan.6643@playzone.net,Puzzle,4-6,Mobile
Joseph,35,joseph_4609@gamerhub.com,Puzzle,10+,Nintendo Wii
Nathan,39,nathan976@gmail.com,Puzzle,4-6,PC
Evan,39,evan.6086@consoleverse.io,Adventure,10+,Nintendo Switch
Abbie,41,abbie_1537@Battlenet.com,Puzzle,10+,Mobile
Logan,20,logan5192@epicmail.gg,Adventure,4-6,Xbox series X
Leo,32,leo.8691@playzone.net,Racing,10+,Nintendo Wii
Anna,20,anna_6087@consoleverse.io,Simulation,7-10,Xbox series X
Sarah,22,sarah852@gmail.com,Racing,7-10,Xbox series X
Leo,30,leo.749@yahoo.com,Arcade-_PlatformShooter,0-3,Xbox series X
Kai,17,kai.7822@playzone.net,Simulation,0-3,PC
Grant,39,grant.6339@gamerhub.com,Puzzle,7-10,PlayStation 5
Elliot,21,elliot.4751@steam.com,Strategy,4-6,Mobile
Dakota,29,dakota2827@gmail.com,Puzzle,7-10,Mobile
Rowan,21,rowan_1469@consoleverse.io,MMO,10+,Nintendo Switch
Lily,16,lily893@gamerhub.com,Puzzle,0-3,Mobile
Finn,31,finn.1969@gamerhub.com,Puzzle,0-3,Mobile
Autumn,40,autumn_6338@Battlenet.com,MMO,7-10,PC
Kennedy,16,kennedy.458@yahoo.com,Racing,7-10,Nintendo Switch
Lucas,19,lucas_9912@Outlook.com,RPG,0-3,Nintendo Switch
Ivy,36,ivy_154@playzone.net,Adventure,7-10,PC
Ian,44,ian_4641@yahoo.com,Strategy,4-6,Nintendo Switch
Micah,39,micah_3078@Outlook.com,Puzzle,4-6,Xbox series X
Tessa,38,tessa_4822@gamerhub.com,Strategy,4-6,PC
Samuel,31,samuel_4523@Outlook.com,Puzzle,4-6,PC
Sebastian,25,sebastian.2726@Battlenet.com,Sports,10+,Xbox series X
Cameron,30,cameron4173@gmail.com,Puzzle,7-10,PC
Addison,44,addison9984@gmail.com,Simulation,7-10,Nintendo Wii
Clara,40,clara.2613@Outlook.com,Racing,7-10,Xbox series X
Jude,17,jude378@fragmail.org,RPG,10+,PlayStation 5
Caleb,13,caleb1564@consoleverse.io,Strategy,10+,PC
Peyton,37,peyton.3778@yahoo.com,RPG,4-6,Xbox series X
Morgan,39,morgan_8292@fragmail.org,Adventure,7-10,PC
Ezra,13,ezra_9009@Outlook.com,Racing,10+,Xbox series X
Damon,18,damon2269@Battlenet.com,RPG,7-10,Xbox series X
Melanie,42,melanie5596@consoleverse.io,Strategy,0-3,Nintendo Wii
Aria,25,aria1673@fragmail.org,Adventure,0-3,Nintendo Switch
Erin,33,erin.2169@yahoo.com,RPG,4-6,PlayStation 5
Katie,22,katie_4652@fragmail.org,Sports,7-10,Nintendo Wii
Toby,43,toby_3379@fragmail.org,Puzzle,7-10,Mobile
Leah,44,leah_9816@fragmail.org,Adventure,4-6,PC
Owen,35,owen760@steam.com,RPG,7-10,Nintendo Wii
Toby,16,toby.271@Battlenet.com,Simulation,10+,Nintendo Wii
Elijah,18,elijah.9842@consoleverse.io,Sports,7-10,Xbox series X
Libby,19,libby366@fragmail.org,Simulation,0-3,PC
Zoe,28,zoe_1440@gmail.com,Simulation,10+,Nintendo Switch
Bethany,30,bethany5516@Outlook.com,Puzzle,10+,PlayStation 5
Ashley,24,ashley_5845@Outlook.com,Adventure,0-3,Nintendo Switch
Ruby,28,ruby.101@yahoo.com,RPG,10+,Nintendo Wii
Ruby,21,ruby_615@fragmail.org,RPG,7-10,Mobile
Owen,38,owen.8782@fragmail.org,Horror,10+,PlayStation 5
Logan,27,logan.1310@fragmail.org,Strategy,7-10,Xbox series X
Zoe,26,zoe2989@fragmail.org,Sports,10+,Nintendo Wii
Brooke,40,brooke1085@steam.com,Strategy,4-6,Mobile
Glen,22,glen.7186@gmail.com,Sports,7-10,Nintendo Switch
Julia,29,julia.9175@consoleverse.io,Adventure,0-3,Nintendo Switch
Neil,13,neil7451@fragmail.org,Racing,10+,Mobile
Payton,27,payton1205@epicmail.gg,Puzzle,4-6,PC
Henry,41,henry.4794@fragmail.org,Simulation,4-6,Nintendo Switch
Melanie,25,melanie.3333@yahoo.com,Simulation,4-6,Xbox series X
Anna,23,anna657@epicmail.gg,Puzzle,10+,Nintendo Switch
Shane,27,shane3354@fragmail.org,Puzzle,10+,PC
Harriet,37,harriet.3110@steam.com,Adventure,0-3,Nintendo Switch
Savannah,33,savannah.382@Outlook.com,Racing,0-3,Nintendo Wii
Quinn,45,quinn6711@Battlenet.com,Racing,10+,PlayStation 5
Rowan,29,rowan897@consoleverse.io,Horror,0-3,PC
Ethan,14,ethan1933@steam.com,RPG,4-6,PC
Maya,23,maya7628@Battlenet.com,Simulation,10+,Mobile
Elliott,32,elliott9332@Battlenet.com,Puzzle,10+,Mobile
Phoebe,33,phoebe.1963@consoleverse.io,Sports,0-3,Nintendo Switch
Valentina,36,valentina.6777@gamerhub.com,Strategy,4-6,Nintendo Wii
Violet,28,violet.2758@Battlenet.com,RPG,4-6,Xbox series X
Ash,29,ash_1679@gmail.com,Puzzle,0-3,PlayStation 5
Liam,18,liam1007@gmail.com,Puzzle,7-10,PlayStation 5
Lily,25,lily.7199@Outlook.com,Sports,0-3,PlayStation 5
William,17,william.9876@gmail.com,RPG,4-6,Mobile
Allison,34,allison_847@steam.com,Horror,10+,PC
Phoebe,28,phoebe186@steam.com,Simulation,0-3,Nintendo Wii
Austin,19,austin834@epicmail.gg,Racing,4-6,PC
George,20,george.242@steam.com,Adventure,10+,PC
Blaze,35,blaze.3025@steam.com,Simulation,4-6,Mobile
Ashley,41,ashley2224@epicmail.gg,Puzzle,7-10,PC
Savannah,38,savannah_9415@Battlenet.com,Puzzle,0-3,Xbox series X
Andrew,40,andrew.7713@steam.com,Puzzle,0-3,Nintendo Wii
Hope,17,hope.246@steam.com,Puzzle,7-10,PC
Madison,37,madison_3879@epicmail.gg,RPG,7-10,PC
Bryce,31,bryce_4875@epicmail.gg,Puzzle,4-6,Nintendo Switch
Leah,26,leah_3249@consoleverse.io,Puzzle,0-3,Mobile
Jett,32,jett6676@yahoo.com,Simulation,7-10,Mobile
Wayne,27,wayne_7293@gamerhub.com,Simulation,0-3,Mobile
Jett,16,jett.5683@Battlenet.com,Racing,10+,Nintendo Switch
Alana,41,alana2747@Battlenet.com,Racing,10+,PlayStation 5
Malcolm,43,malcolm.3807@Battlenet.com,Adventure,0-3,Nintendo Wii
Leo,38,leo_2701@gmail.com,Puzzle,7-10,Xbox series X
Corey,26,corey.9581@gmail.com,Sports,10+,PlayStation 5
Jasper,36,jasper.9970@yahoo.com,Puzzle,10+,Nintendo Switch
James,36,james.4503@gamerhub.com,MMO,4-6,Nintendo Switch
Lottie,24,lottie_5232@fragmail.org,Horror,4-6,Nintendo Switch
Amy,39,amy_7905@fragmail.org,Simulation,4-6,PlayStation 5
Aaron,28,aaron.8960@gmail.com,RPG,0-3,Mobile
Evan,22,evan2018@yahoo.com,MMO,4-6,Mobile
Sky,44,sky.9904@yahoo.com,Sports,4-6,Xbox series X
Amelia,41,amelia_8747@epicmail.gg,Simulation,4-6,PlayStation 5
Logan,18,logan.2346@epicmail.gg,Adventure,7-10,Nintendo Switch
Finn,29,finn1472@gmail.com,Racing,7-10,Nintendo Switch
Andrew,31,andrew.2250@Outlook.com,Puzzle,7-10,Nintendo Wii
Eleanor,33,eleanor_6270@fragmail.org,Puzzle,4-6,Nintendo Switch
Henry,30,henry_4949@playzone.net,Horror,7-10,Mobile
Reese,24,reese_6262@yahoo.com,Adventure,4-6,PC
Hailey,29,hailey_122@Outlook.com,Simulation,10+,PlayStation 5
Brooklyn,13,brooklyn_2989@yahoo.com,MMO,10+,Mobile
Emerson,32,emerson5045@playzone.net,MMO,7-10,PlayStation 5
Miles,26,miles9996@Outlook.com,Simulation,0-3,Nintendo Switch
Beau,26,beau.6061@Battlenet.com,RPG,10+,Nintendo Wii
Tyler,43,tyler_2548@gamerhub.com,Adventure,4-6,PC
Olivia,23,olivia_7688@steam.com,RPG,4-6,Nintendo Switch
Jonathan,44,jonathan1354@Battlenet.com,Horror,7-10,Nintendo Switch
Maddie,31,maddie_5850@playzone.net,Puzzle,0-3,Xbox series X
Bella,14,bella.2603@playzone.net,Puzzle,7-10,PC
Luna,19,luna.9928@Outlook.com,Adventure,7-10,Mobile
Roman,43,roman.3127@Battlenet.com,MMO,7-10,Xbox series X
Liam,28,liam_7915@gamerhub.com,Adventure,7-10,Nintendo Wii
Savannah,41,savannah8159@playzone.net,Puzzle,10+,PlayStation 5
Rosie,16,rosie.9529@steam.com,Sports,4-6,Nintendo Switch
Harper,18,harper_6021@epicmail.gg,Puzzle,7-10,PlayStation 5
Sophia,36,sophia_3584@steam.com,Puzzle,0-3,Nintendo Wii
Bruce,20,bruce.1490@yahoo.com,Racing,4-6,Nintendo Switch
David,20,david_7823@Battlenet.com,Horror,7-10,Xbox series X
Aubrey,39,aubrey1640@gmail.com,RPG,4-6,Xbox series X
Kylie,14,kylie5189@gamerhub.com,Horror,0-3,Xbox series X
Ariana,21,ariana.7904@consoleverse.io,Horror,4-6,Nintendo Switch
Benjamin,31,benjamin821@consoleverse.io,Strategy,10+,Nintendo Switch
Eliza,23,eliza5244@playzone.net,Horror,0-3,PlayStation 5
Erin,16,erin.4578@steam.com,Puzzle,4-6,Mobile
Megan,41,megan5745@fragmail.org,RPG,7-10,Nintendo Switch
Marshall,43,marshall_483@gmail.com,RPG,10+,PC
Payton,37,payton.3205@consoleverse.io,Horror,0-3,Mobile
Sienna,25,sienna6467@epicmail.gg,Sports,7-10,PC
Amber,44,amber.9212@yahoo.com,MMO,7-10,Nintendo Wii
Emerson,44,emerson.8395@steam.com,Strategy,4-6,Xbox series X
Jett,25,jett9256@fragmail.org,Sports,0-3,Nintendo Wii
Ash,20,ash.3133@Outlook.com,Horror,4-6,Xbox series X
Cameron,24,cameron2101@steam.com,Horror,7-10,PC
Maddie,28,maddie4362@consoleverse.io,Racing,0-3,PC
Leah,28,leah.3293@epicmail.gg,Sports,7-10,Xbox series X
Georgia,44,georgia.1174@fragmail.org,Adventure,0-3,Mobile
Reuben,35,reuben5732@gmail.com,Sports,0-3,Nintendo Wii
Malcolm,20,malcolm5346@Battlenet.com,Puzzle,7-10,Xbox series X
Everly,22,everly.775@steam.com,Strategy,4-6,PlayStation 5
Harper,44,harper.3595@consoleverse.io,RPG,4-6,Xbox series X
Neil,40,neil_615@steam.com,Puzzle,0-3,Nintendo Switch
August,36,august.7868@epicmail.gg,Strategy,7-10,PC
Lily,23,lily.452@gamerhub.com,Simulation,10+,Mobile
Samantha,40,samantha_2470@yahoo.com,Adventure,0-3,Xbox series X
Samantha,13,samantha_9878@epicmail.gg,MMO,0-3,Xbox series X
Delilah,38,delilah.3415@Battlenet.com,Adventure,0-3,Nintendo Switch
Chloe,24,chloe_5076@Battlenet.com,Sports,0-3,Xbox series X
Addison,29,addison_3044@Battlenet.com,Racing,7-10,Xbox series X
Alexa,33,alexa.203@gmail.com,Sports,0-3,Nintendo Wii
Aria,23,aria4920@gmail.com,RPG,0-3,Mobile
Maya,24,maya.9678@consoleverse.io,Strategy,0-3,Nintendo Wii
Amber,33,amber.4270@playzone.net,Puzzle,0-3,Xbox series X
Josephine,15,josephine_8421@gmail.com,RPG,10+,PlayStation 5
Elijah,29,elijah3919@fragmail.org,Adventure,4-6,PC
Daniel,29,daniel9312@epicmail.gg,Puzzle,4-6,Nintendo Wii
Benjamin,23,benjamin_9865@epicmail.gg,Racing,0-3,Xbox series X
Elijah,29,elijah_7133@steam.com,Simulation,7-10,PC
Isla,27,isla7373@Outlook.com,Puzzle,4-6,PC
Alexis,31,alexis_6828@gmail.com,Simulation,4-6,Nintendo Switch
Jett,35,jett.6080@consoleverse.io,Adventure,4-6,Mobile
Amber,45,amber2365@epicmail.gg,MMO,0-3,PC
Olivia,33,olivia_5049@fragmail.org,Adventure,4-6,Nintendo Switch
Heidi,34,heidi.7001@playzone.net,Simulation,7-10,PC
Rose,17,rose4656@gmail.com,Horror,10+,Nintendo Wii
Luna,29,luna3579@Outlook.com,Puzzle,7-10,Xbox series X
Caroline,14,caroline7174@Battlenet.com,Adventure,4-6,Mobile
Millie,43,millie2742@playzone.net,Sports,7-10,Xbox series X
Holly,34,holly_3023@steam.com,RPG,7-10,PC
Abigail,30,abigail.204@epicmail.gg,Sports,10+,Nintendo Switch
Genesis,29,genesis.6035@consoleverse.io,Strategy,7-10,PlayStation 5
Justin,18,justin_3798@consoleverse.io,Strategy,7-10,PlayStation 5
Charlotte,34,charlotte6852@fragmail.org,Puzzle,4-6,PlayStation 5
Nathan,20,nathan851@steam.com,Sports,10+,Nintendo Wii
Millie,17,millie.728@Battlenet.com,Horror,7-10,Nintendo Switch
Drew,38,drew.4689@playzone.net,Sports,7-10,Mobile
Aubrey,29,aubrey.5860@Outlook.com,Racing,4-6,Nintendo Wii
Silas,19,silas2023@yahoo.com,Sports,7-10,PlayStation 5
Luna,26,luna.8738@playzone.net,Sports,10+,Xbox series X
Clark,22,clark_2873@fragmail.org,Adventure,7-10,Nintendo Switch
Victoria,20,victoria_1936@consoleverse.io,MMO,0-3,Xbox series X
Zoe,34,zoe.570@Battlenet.com,Strategy,0-3,PlayStation 5
Neil,26,neil.1584@Battlenet.com,Adventure,7-10,PC
Freya,26,freya_831@consoleverse.io,MMO,4-6,Nintendo Wii
Alice,28,alice.9601@consoleverse.io,Puzzle,7-10,PlayStation 5
Evan,19,evan.2628@gmail.com,Horror,4-6,Mobile
Madison,25,madison_3004@playzone.net,Racing,4-6,Xbox series X
Adam,33,adam_9450@Battlenet.com,Horror,7-10,PC
Evan,33,evan_7612@consoleverse.io,Sports,0-3,Mobile
Elsie,15,elsie.8396@Battlenet.com,MMO,4-6,Mobile
James,36,james_2248@epicmail.gg,Racing,4-6,Mobile
Harrison,44,harrison.2238@consoleverse.io,Strategy,7-10,PC
Grace,44,grace5506@fragmail.org,Puzzle,7-10,Mobile
Taylor,30,taylor.6598@steam.com,Adventure,0-3,Mobile
Natalie,16,natalie_187@consoleverse.io,Adventure,0-3,PC
Hannah,27,hannah.2761@Battlenet.com,RPG,7-10,PC
Adeline,16,adeline.8018@epicmail.gg,Simulation,10+,Xbox series X
Grace,20,grace_9838@Outlook.com,MMO,4-6,Mobile
Clara,28,clara_6386@epicmail.gg,Puzzle,7-10,PlayStation 5
Audrey,45,audrey_464@epicmail.gg,MMO,7-10,PC
Dakota,17,dakota_2333@epicmail.gg,Puzzle,7-10,Nintendo Switch
Eleanor,22,eleanor.3626@fragmail.org,Puzzle,0-3,PC
Autumn,38,autumn.7801@steam.com,Puzzle,0-3,Xbox series X
Nicholas,36,nicholas1245@yahoo.com,Puzzle,10+,Nintendo Switch
Elsie,40,elsie_3636@playzone.net,Racing,4-6,PC
Bryce,41,bryce_1638@gmail.com,Simulation,0-3,PlayStation 5
Penelope,17,penelope.9586@playzone.net,Simulation,10+,Nintendo Switch
Luna,32,luna_4811@epicmail.gg,Sports,7-10,Mobile
Frankie,40,frankie1982@steam.com,Racing,0-3,Nintendo Wii
Aria,37,aria8719@Battlenet.com,RPG,4-6,Mobile
Audrey,16,audrey6332@gmail.com,Adventure,4-6,Xbox series X
Echo,14,echo3986@playzone.net,Strategy,4-6,PlayStation 5
Travis,33,travis.8206@consoleverse.io,Puzzle,4-6,PlayStation 5
Nancy,37,nancy8442@yahoo.com,RPG,10+,PC
Elena,40,elena6882@consoleverse.io,Puzzle,0-3,Mobile
Brooklyn,45,brooklyn.1795@fragmail.org,Racing,10+,PC
Shane,15,shane.4106@epicmail.gg,Puzzle,10+,Mobile
Daniel,34,daniel_6044@Outlook.com,Racing,7-10,Nintendo Switch
Milo,39,milo5961@Outlook.com,MMO,7-10,Xbox series X
Bella,30,bella_6480@yahoo.com,Strategy,7-10,Xbox series X
Reese,22,reese3448@consoleverse.io,Sports,4-6,Mobile
Owen,23,owen5757@yahoo.com,MMO,7-10,Nintendo Switch
Jude,31,jude5001@fragmail.org,MMO,7-10,Nintendo Wii
Derek,40,derek.5578@gamerhub.com,RPG,10+,Mobile
Brooke,42,brooke.1923@playzone.net,Horror,4-6,Xbox series X
Miles,32,miles_2500@fragmail.org,Puzzle,7-10,Nintendo Wii
Derek,13,derek.2346@gamerhub.com,Horror,7-10,Nintendo Wii
Jasper,20,jasper_985@gamerhub.com,Racing,0-3,Nintendo Wii
Thomas,29,thomas.8566@playzone.net,RPG,4-6,Nintendo Wii
Bruce,24,bruce3941@playzone.net,Horror,0-3,PlayStation 5
Alexa,40,alexa_1363@gamerhub.com,Simulation,10+,PC
Everly,37,everly_6112@gmail.com,Adventure,0-3,Mobile
Alex,15,alex9607@gamerhub.com,Simulation,4-6,Nintendo Wii
Emerson,31,emerson_3808@epicmail.gg,Strategy,0-3,Mobile
Wesley,42,wesley_9314@fragmail.org,MMO,7-10,PlayStation 5
Rebecca,45,rebecca.8635@gmail.com,Sports,4-6,PC
Matthew,28,matthew3073@steam.com,Sports,7-10,Nintendo Wii
Lottie,40,lottie_3437@gmail.com,Puzzle,7-10,Nintendo Switch
Wesley,39,wesley_2829@Battlenet.com,Strategy,4-6,Nintendo Wii
Drew,18,drew.6143@gamerhub.com,Adventure,4-6,PC
Nora,41,nora.9051@Outlook.com,Simulation,7-10,PlayStation 5
Reagan,40,reagan3417@Outlook.com,Puzzle,7-10,Nintendo Wii
Katie,36,katie.2894@consoleverse.io,Horror,0-3,Nintendo Wii
Gracie,23,gracie1616@playzone.net,Racing,7-10,PC
Ryan,29,ryan_9047@consoleverse.io,MMO,10+,Nintendo Wii
Rowan,23,rowan_3013@yahoo.com,Simulation,4-6,PC
August,28,august_9587@epicmail.gg,Horror,10+,Nintendo Switch
Wesley,36,wesley_1890@fragmail.org,Adventure,0-3,Nintendo Switch
Beau,36,beau_6563@epicmail.gg,Adventure,7-10,PlayStation 5
Echo,41,echo6477@Outlook.com,Puzzle,0-3,Nintendo Wii
Abigail,43,abigail8846@epicmail.gg,Puzzle,10+,Xbox series X
Liam,35,liam.8000@epicmail.gg,Strategy,0-3,PC
Lance,42,lance_9511@Outlook.com,MMO,7-10,Xbox series X
Gabriella,31,gabriella_9549@steam.com,Horror,0-3,Nintendo Switch
Ian,43,ian.6790@steam.com,Strategy,0-3,Nintendo Switch
Clara,28,clara_7673@yahoo.com,Racing,4-6,Mobile
Niamh,45,niamh782@gmail.com,Puzzle,0-3,Xbox series X
Sebastian,39,sebastian_4624@steam.com,Puzzle,7-10,Xbox series X
Charlotte,20,charlotte.8613@gmail.com,MMO,10+,PlayStation 5
Elliot,20,elliot6827@Battlenet.com,Strategy,0-3,PlayStation 5
Max,38,max877@playzone.net,Simulation,10+,Xbox series X
Kylie,34,kylie_335@gamerhub.com,Adventure,0-3,PC
Freddie,23,freddie_416@Battlenet.com,Adventure,7-10,Mobile
Jack,45,jack1641@gamerhub.com,RPG,4-6,Mobile
Justin,37,justin776@Battlenet.com,Puzzle,10+,PlayStation 5
Stanley,39,stanley_4674@playzone.net,Puzzle,0-3,Xbox series X
Rowan,32,rowan6269@gmail.com,Adventure,4-6,Nintendo Switch
Teddy,33,teddy3262@yahoo.com,Horror,10+,Mobile
Aubrey,25,aubrey_7995@gamerhub.com,Sports,4-6,Nintendo Switch
Aubrey,22,aubrey6928@yahoo.com,Racing,7-10,Xbox series X
Heidi,23,heidi.9767@gmail.com,MMO,4-6,Nintendo Wii
Libby,18,libby.1227@playzone.net,Strategy,0-3,Mobile
Sebastian,28,sebastian283@fragmail.org,Strategy,7-10,Xbox series X
Oliver,41,oliver3421@fragmail.org,Puzzle,10+,PC
Gabriel,44,gabriel.8619@fragmail.org,Adventure,0-3,Nintendo Wii
Hannah,26,hannah.4759@Battlenet.com,Adventure,0-3,Nintendo Switch
Eva,44,eva1550@steam.com,Sports,4-6,PC
Aaliyah,34,aaliyah.5601@playzone.net,Puzzle,0-3,PC
Kyle,44,kyle.6805@gmail.com,Adventure,7-10,PC
Julia,24,julia_2656@yahoo.com,Adventure,4-6,Nintendo Wii
Elijah,14,elijah.9614@gamerhub.com,RPG,7-10,Xbox series X
Aria,28,aria_4278@consoleverse.io,Puzzle,4-6,Mobile
Eleanor,43,eleanor.1513@steam.com,Horror,10+,Nintendo Switch
Troy,25,troy_7425@yahoo.com,Puzzle,0-3,PlayStation 5
Echo,24,echo7597@Outlook.com,Puzzle,0-3,PlayStation 5
Rex,34,rex.9838@yahoo.com,Racing,4-6,Mobile
Valentina,23,valentina_2338@gamerhub.com,Puzzle,0-3,PlayStation 5
Jett,25,jett.1076@fragmail.org,Horror,4-6,PC
Liam,19,liam6714@epicmail.gg,MMO,10+,Mobile
Brianna,38,brianna8517@playzone.net,Adventure,4-6,Nintendo Switch
Christopher,13,christopher_9964@gmail.com,Horror,0-3,Nintendo Switch
Dakota,17,dakota.1364@steam.com,Simulation,0-3,PC
Nora,24,nora_746@yahoo.com,MMO,7-10,Nintendo Switch
Hayden,40,hayden.677@Outlook.com,Sports,4-6,PlayStation 5
Erin,36,erin.4862@steam.com,Racing,7-10,Nintendo Switch
Freddie,19,freddie_1462@Outlook.com,Racing,0-3,Nintendo Switch
Brandon,19,brandon_5831@gmail.com,Strategy,4-6,Xbox series X
Harrison,34,harrison_4418@playzone.net,Strategy,10+,PC
Thomas,34,thomas.3828@consoleverse.io,MMO,4-6,Xbox series X
Harrison,20,harrison_4170@gamerhub.com,RPG,0-3,Xbox series X
Roman,36,roman4445@Battlenet.com,Puzzle,0-3,Mobile
Elsie,20,elsie.5513@gmail.com,MMO,0-3,Nintendo Switch
Matthew,44,matthew_738@playzone.net,Strategy,4-6,Nintendo Switch
Zoe,41,zoe_4858@gamerhub.com,Strategy,7-10,Nintendo Switch
Kylie,28,kylie_8896@Outlook.com,Puzzle,4-6,PC
Nancy,39,nancy6366@fragmail.org,Strategy,7-10,Nintendo Wii
Nathan,42,nathan.9976@consoleverse.io,Puzzle,10+,Nintendo Wii
Emery,43,emery_9706@gmail.com,Racing,4-6,PC
Aubrey,35,aubrey3633@playzone.net,Racing,10+,PC
Julia,27,julia_7342@Outlook.com,Racing,0-3,Mobile
Maya,30,maya_3685@fragmail.org,Puzzle,0-3,Xbox series X
Noah,22,noah2559@epicmail.gg,Strategy,7-10,Mobile
Scarlett,18,scarlett_495@consoleverse.io,MMO,0-3,Xbox series X
Natalie,41,natalie_7136@Battlenet.com,RPG,4-6,Xbox series X
Leon,29,leon.6954@consoleverse.io,Racing,4-6,Xbox series X
Brooklyn,34,brooklyn.5209@steam.com,Strategy,10+,Nintendo Switch
Kai,45,kai.3262@gamerhub.com,Sports,10+,PlayStation 5
Benjamin,31,benjamin8923@fragmail.org,RPG,0-3,Xbox series X
Brandon,25,brandon6397@gmail.com,Racing,7-10,PlayStation 5
Joel,43,joel1224@steam.com,Adventure,0-3,Mobile
Wayne,24,wayne2538@gmail.com,Simulation,0-3,PlayStation 5
Alexa,43,alexa9178@gmail.com,Horror,7-10,PC
Millie,36,millie2037@steam.com,MMO,4-6,Nintendo Switch
Eleanor,40,eleanor_8669@epicmail.gg,MMO,7-10,Nintendo Wii
Ella,28,ella_4101@Battlenet.com,Racing,4-6,Nintendo Switch
Malcolm,31,malcolm2724@gamerhub.com,Racing,4-6,Nintendo Switch
Glen,29,glen_1074@Battlenet.com,Strategy,10+,PlayStation 5
Shane,40,shane4991@yahoo.com,Puzzle,7-10,PC
Jett,24,jett4116@consoleverse.io,RPG,4-6,Xbox series X
Lily,40,lily.9628@gamerhub.com,Racing,0-3,PC
Shane,33,shane.6297@playzone.net,Sports,7-10,Mobile
Heidi,44,heidi_1861@epicmail.gg,Simulation,0-3,PC
Stella,29,stella1382@yahoo.com,Simulation,4-6,Mobile
Lucas,30,lucas.9819@gmail.com,Racing,4-6,Nintendo Switch
Genesis,17,genesis.8472@steam.com,Horror,4-6,PlayStation 5
Ryan,32,ryan.1111@gmail.com,Horror,7-10,PlayStation 5
Dakota,19,dakota6682@Battlenet.com,Horror,0-3,Nintendo Switch
Alana,40,alana_6874@playzone.net,Simulation,7-10,Xbox series X
William,43,william_8604@epicmail.gg,MMO,10+,Nintendo Switch
Jake,36,jake7572@fragmail.org,Puzzle,10+,PlayStation 5
Eleanor,40,eleanor_5083@steam.com,Puzzle,4-6,Nintendo Wii
Aubrey,28,aubrey.431@yahoo.com,RPG,10+,Nintendo Wii
Harriet,21,harriet1180@steam.com,Puzzle,0-3,Nintendo Wii
Brandon,26,brandon_3185@Battlenet.com,Simulation,0-3,Mobile
Julia,16,julia2153@consoleverse.io,MMO,7-10,Nintendo Switch
Chloe,13,chloe_7946@Outlook.com,Racing,10+,PC
Isabella,29,isabella_5027@yahoo.com,Horror,0-3,Nintendo Switch
Malcolm,21,malcolm.156@gmail.com,MMO,4-6,PC
Echo,36,echo.1608@epicmail.gg,RPG,4-6,PlayStation 5
Eva,44,eva_500@steam.com,MMO,10+,PlayStation 5
Caleb,34,caleb5410@gamerhub.com,Horror,4-6,Mobile
Gracie,41,gracie.1004@consoleverse.io,Sports,7-10,Mobile
Piper,17,piper.6549@steam.com,Horror,0-3,Nintendo Wii
Trinity,38,trinity_4511@gmail.com,Simulation,7-10,PC
Elliot,41,elliot_6499@playzone.net,Puzzle,4-6,Mobile
Sienna,30,sienna_6369@playzone.net,Racing,7-10,PC
Jaimie,36,jaimie@testemail.com,Simulation,7-10,Xbox
jaimie,36,jaimie@testemail.com,Simulation,7-10,Xbox series X
jaimie,36,jaimie@testemail.com,RPG,7-10,Playstation 5
Harry,33,Harry123@gmail.com,Horror,4-6,Playstation 5
Harry,33,B01831071@studentmail.uws.ac.uk,Racing,7-10,Playstation 5
jaimie,36,jaimieneilson@gmail.com,MMO,7-10,Xbox series X
jaimie,36,jaimieneilson@gmail.com,RPG,7-10,Xbox series X
jaimie,36,B01831071@studentmail.uws.ac.uk,MMO,7-10,Xbox series X
jaimie,18,test-email123.com,RPG,4-6,Xbox series X
jaimie,18,test-email123.com,Simulation,7-10,Nintendo Switch
